{
  "userDetails": [
    {
      "name": "aman",
      "mobile": "9598125554",
      "email": "me@gmail.com",
      "service": "portfolio website",
      "id": 2
    },
    {
      "name": "preeti",
      "mobile": "9598125005",
      "email": "me@gmail.com",
      "service": "App Development",
      "id": 3
    },
    {
      "name": "sswdwdw",
      "mobile": "9598125005",
      "email": "amankumar@gmail.com",
      "service": "App Development",
      "id": 4
    },
    {
      "name": "vicky",
      "mobile": "8989898989",
      "email": "me@gmail.com",
      "service": "Portfolio",
      "id": 5
    }
  ]
}